{"cameraMode":{"drawMode":0,"name":"Shaded","section":"Shading Mode"},"sceneLighting":true,"audioPlay":false,"sceneViewState":{"m_AlwaysRefresh":false,"showFog":true,"showSkybox":true,"showFlares":true,"showImageEffects":true,"showParticleSystems":true,"showVisualEffectGraphs":true,"m_FxEnabled":true},"in2DMode":false,"pivot":{"x":-0.06355271488428116,"y":1.6237815618515015,"z":0.022285932675004007},"rotation":{"x":0.022818807512521745,"y":0.9768208265304565,"z":-0.16355690360069276,"w":0.13627222180366517},"size":0.2331380993127823,"orthographic":false}